CODIGO;DESCRIPCION;CANTIDAD (UND);COSTO UNITARIO S/.;PRECIO DE VENTA POR MAYOR S/.;PRECIO DE VENTA POR DOCENA S/.;PRECIO DE VENTA POR UNIDAD S/.;COSTO UNITARIO S/.;PRECIO DE VENTA POR MAYOR S/.;PRECIO DE VENTA POR DOCENA S/.;PRECIO DE VENTA POR UNIDAD S/.
V-GRS5-01;FLOR ARTIFICIAL GIRASOL EN VARA X 5 CABEZAS 75 CM;1440;3.85;5.8;7;8.4;4.235;6.4;7.7;9.2
TLZ-01;FLOR ARTIFICIAL EN RAMO X 5 CABEZAS DE 44 CM;960;3.09;4.6;5.5;6.6;3.399;5.1;6.1;7.3
XABJ-AD0034;ADORNO CUPULAS MEDIDAS: 323*323*360CMS (INCLUYE ACCESORIOS);2;894.98;1342.5;1611;1933.2;984.478;1476.7;1772;2126.4
XABJ-AD0053;COLUMPIO METAL 198*90*230 CM;10;336.32;504.5;605.4;726.5;369.952;554.9;665.9;799.1
PAN;MAQUINA MANUAL PARA LAMINAR CERA, MEDIDAS: 86*195 MM;2;1464.5;2196.8;2636.2;3163.4;1610.95;2416.4;2899.7;3479.6
QIN;EXTRACTOR DE ACEITES ESENCIALES DE 98 L CON COLUMNA DE CRISTAL, MEDIDAS: 63*63*147 CM;2;1492.7;2239.1;2686.9;3224.3;1641.97;2463;2955.6;3546.7
AS41R;GENERADOR ELECTRICO DIESEL, MODELO: AS41R, POTENCIA: 38KW/38kVA, MARCA: ASAMAN. INCLUYE CAJA DE DISTRIBUCION DEL GENERADOR ELECTRICO;1;13223.65;19835.5;23802.6;28563.1;14546.015;21819;26182.8;31419.4
AS-1.1KW;BOMBA DE AGUA, MODELO: AS-1, POTENCIA DE SALIDA: 1,1 Kw, MARCA: ASAMAN;4;276.63;414.9;497.9;597.5;304.293;456.4;547.7;657.2
INKA-01;CUATRIMOTO, MODELO: A7-20 125 cc;1;2229.28;3343.9;4012.7;4815.2;2452.208;3678.3;4414;5296.8
INKA-01;CUATRIMOTO, MODELO: A7-20 125 cc;1;2229.28;3343.9;4012.7;4815.2;2452.208;3678.3;4414;5296.8
INKA-02;CUATRIMOTO, MODELO: GK-03 110cc;1;2793.37;4190.1;5028.1;6033.7;3072.707;4609.1;5530.9;6637.1
INKA-02;CUATRIMOTO, MODELO: GK-03 110cc;1;2793.37;4190.1;5028.1;6033.7;3072.707;4609.1;5530.9;6637.1
INKA-03;CUATRIMOTO, MODELO: A7-21 150CC;1;4425.99;6639;7966.8;9560.2;4868.589;7302.9;8763.5;10516.2
INKA-03;CUATRIMOTO, MODELO: A7-21 150CC;1;4425.99;6639;7966.8;9560.2;4868.589;7302.9;8763.5;10516.2
INKA-04;CUATRIMOTO, MODELO: A7-21 150CC;1;4425.99;6639;7966.8;9560.2;4868.589;7302.9;8763.5;10516.2
INKA-04;CUATRIMOTO, MODELO: A7-21 150CC;1;4425.99;6639;7966.8;9560.2;4868.589;7302.9;8763.5;10516.2
TK;CASCO DE MOTO, MODELOS: F-601, F-707, F-602, F-805;4;37.97;57;68.4;82.1;41.767;62.7;75.2;90.2
TK2;CASCO DE MOTO, MODELOS: HD-806, HD-586, F-708, CY-01, F-804, F-707;6;37.97;57;68.4;82.1;41.767;62.7;75.2;90.2
ZP-09;CARPA PARA ALMACEN DE 20*50 MTS;1;193893.99;290841;349009.2;418811;213283.389;319925.1;383910.1;460692.1
AND;ANDAMIO DE 140 CM DE LARGO * 70 CM DE ANCHO * 3.15 MTS DE ALTO;1;2364.86;3547.3;4256.8;5108.2;2601.346;3902;4682.4;5618.9
NJJ;MOTOCULTOR MANUAL DIESEL AGRICOLA DE 8 CABALLOS;2;1898.39;2847.6;3417.1;4100.5;2088.229;3132.3;3758.8;4510.6
RUY-CH;FLOR ARTIFICIAL EN RAMO X 7 CABEZAS DE 40 CM;2250;4.08;6.1;7.3;8.8;4.488;6.7;8;9.6
RUY-05;FLOR ARTIFICIAL ROSA ESTRELLA ABIERTA EN VARA 38 CM;8640;1.09;1.6;1.9;2.3;1.199;1.8;2.2;2.6
RUY-13N;FLOR ARTIFICIAL EN RAMO X 6 CABEZAS DE 45 CM;960;5.84;8.8;10.6;12.7;6.424;9.6;11.5;13.8
RUY-15;FLOR ARTIFICIAL ROSA EN VARA X 5 CABEZAS 85 CM;480;4.75;7.1;8.5;10.2;5.225;7.8;9.4;11.3
RUY-DX;FLOR ARTIFICIAL EN VARA ROSA PEQUEÑA DE 50 CM;12000;0.65;1;1.2;1.4;0.715;1.1;1.3;1.6
FAR-01;FLOR ARTIFICIAL TIPO MAGNOLIA X 20 CABEZAS DE 55 CM;1470;5.3;8;9.6;11.5;5.83;8.7;10.4;12.5
FAR-02;FLOR ARTIFICIAL TIPO SAYURI X 9 CABEZAS DE 57 CM;2016;5.3;8;9.6;11.5;5.83;8.7;10.4;12.5
GRS7-02;FLOR ARTIFICIAL EN RAMO X 7 CABEZAS DE 50 CM;1020;5.5;8.3;10;12;6.05;9.1;10.9;13.1
E198;FLOR ARTIFICIAL EN RAMO X 10 CABEZAS DE  41 CM;1536;4.42;6.6;7.9;9.5;4.862;7.3;8.8;10.6
YQ10-MN;FLOR ARTIFICIAL EN RAMO X 10 CABEZAS CHICO DE 42 CM;4320;4.08;6.1;7.3;8.8;4.488;6.7;8;9.6
YQ10-MN;FLOR ARTIFICIAL EN RAMO X 10 CABEZAS CHICO DE 42 CM;120;4.08;6.1;7.3;8.8;4.488;6.7;8;9.6
YQ10-AN;FLOR ARTIFICIAL EN RAMO X 10 CABEZAS DE 42 CM;900;4.08;6.1;7.3;8.8;4.488;6.7;8;9.6
YQ12-H17;FLOR ARTIFICIAL ROSA ALEGRE EN RAMO X 12 43 CM;900;5.44;8.2;9.8;11.8;5.984;9;10.8;13
YSK-1;LLAVERO;600;1.22;1.8;2.2;2.6;1.342;2;2.4;2.9
YSK-2;LLAVERO;480;2.04;3.1;3.7;4.4;2.244;3.4;4.1;4.9
Yl-01;CENTRO DE ENTRETEMIENTO AL AIRE LIBRE PARA DIVERSION DE NIÑOS (INCLUYE TOBOGANES, ESCALERA);1;2581.38;3872.1;4646.5;5575.8;2839.518;4259.3;5111.2;6133.4
Yl-02;CENTRO DE ENTRETEMIENTO AL AIRE LIBRE PARA DIVERSION DE NIÑOS (INCLUYE TOBOGANES, ESCALERA);1;4415.53;6623.3;7948;9537.6;4857.083;7285.6;8742.7;10491.2
WSH-R;LEON ROJO DE LANA CON LUCES;1;1902.05;2853.1;3423.7;4108.4;2092.255;3138.4;3766.1;4519.3
WSH-A;LEON AMARILLO DE LANA CON LUCES;1;1902.05;2853.1;3423.7;4108.4;2092.255;3138.4;3766.1;4519.3
TY-01N;SOMBRILLA CON LUCES 7 MTS DE DIAMETRO (INCLUYE BASES);4;7628.7;11443.1;13731.7;16478;8391.57;12587.4;15104.9;18125.9
EST-03;MODULO PARA PANTALLA LED (ESTRUCTURA DE ALUMINIO) DE 12 * 6 MTS;1;25265.45;37898.2;45477.8;54573.4;27791.995;41688;50025.6;60030.7
EST-04;ESTRUCTURA DE ALUMINIO PARA ESCENARIO CON ESCALERA DE 1220*1220 CM;1;21814.81;32722.2;39266.6;47119.9;23996.291;35994.4;43193.3;51832
PAN-24;PANTALLA LED EN GABINETE DE ALUMINIO FUNDIDO PARA EXTERIORES, INCLUYE ACCESORIOS  500*1000 MM  ;24;1086.98;1630.5;1956.6;2347.9;1195.678;1793.5;2152.2;2582.6
SML-01;LAMPARA DE PIE LED EN FORMA DE LLAMA DE 155*50 CM;12;132.48;198.7;238.4;286.1;145.728;218.6;262.3;314.8
SML-02;LAMPARA DE PIE LED EN FORMA DE FLOR DE PEONIA DE 260*270 CM;4;1005.4;1508.1;1809.7;2171.6;1105.94;1658.9;1990.7;2388.8
PE400X600-1;TRITURADORA DE PIEDRA DE 1500 MM*1640 MM*1660 MM, MODELO: PE400X600;1;57338.85;86008.3;103210;123852;63072.735;94609.1;113530.9;136237.1
PE400X600-2;POLEA DE MOTOR DE HIERRO DE MAQUINA TRITURADORA;1;2466.93;3700.4;4440.5;5328.6;2713.623;4070.4;4884.5;5861.4
PE400X600-3;JUEGO DE PLACA PARA LA TRITURADORA DE 1000 MM*600 MM*70 MM,;2;900.43;1350.6;1620.7;1944.8;990.473;1485.7;1782.8;2139.4
PE400X600-4;JUEGO DE PLACA PARA LA TRITURADORA DE 820 MM*600 MM*70 MM;2;900.43;1350.6;1620.7;1944.8;990.473;1485.7;1782.8;2139.4
PD;PISO ALFOMBRA DE 200*150*1.5 CM;1617;33.47;50.2;60.2;72.2;36.817;55.2;66.2;79.4
XABJ-ADN001;PORTA ENREDADERA MEDIO ARCO X 2 DE 320*48*260 CM (INCLUYE ACCESORIOS);10;1017.48;1526.2;1831.4;2197.7;1119.228;1678.8;2014.6;2417.5
XABJ-AD007;PORTA ENREDADERA MEDIO ARCO X 2 DE 320*48*260 CM (INCLUYE ACCESORIOS);10;294.87;442.3;530.8;637;324.357;486.5;583.8;700.6
XABJ-AD0929;ADORNO DE METAL TIPO LUNA DE 201*176*31 CM (INCLUYE ACCESORIOS);9;386;579;694.8;833.8;424.6;636.9;764.3;917.2
XABJ-ADN002;LAMPARA COLGANTE DE 1.3*1 MTS (INCLUYE ACCESORIOS);6;575.42;863.1;1035.7;1242.8;632.962;949.4;1139.3;1367.2
YMG-204;HORNO A GAS DE 138*100*150 CM, MODELO: YMG-204;2;3859.5;5789.3;6947.2;8336.6;4245.45;6368.2;7641.8;9170.2
140N;CILINDRO PARA UTILIZAR CON CARBON DE 140*100 CM, MODELO: 140N, MARCA: ??;1;785.87;1178.8;1414.6;1697.5;864.457;1296.7;1556;1867.2
MT;MANTEL DE 310 CM;140;50.62;75.9;91.1;109.3;55.682;83.5;100.2;120.2
CL;SERVILLETA DE 50 CM;1800;2.39;3.6;4.3;5.2;2.629;3.9;4.7;5.6
CN-8130-RQ-GS260;OLLA AUTOMATICA DE 510*800*1350 MM DE 220 V, MARCA: CHINENG, MODELO: CN-8130-RQ-GS260. POTENCIA NOMINAL DE ENTRADA: 100W;1;3732.82;5599.2;6719;8062.8;4106.102;6159.2;7391;8869.2
SML-02;LAMPARA DE PIE LED EN FORMA DE FLOR DE PEONIA DE 260*270 CM;3;1038.47;1557.7;1869.2;2243;1142.317;1713.5;2056.2;2467.4
SML-03;"LAMPARA DE PIE LED EN FORMA DE FLOR, PEQUEÑO: ALTURA DE 137-170 CM, CABEZA DE FLOR 90 CM, BASE 40*40 CM; GRANDE: ALTURA 133 CM, CABEZA DE FLOR 130 CM; MEDIANO: ALTURA 149-180 CM";5;291.19;436.8;524.2;629;320.309;480.5;576.6;691.9
SML-04;LAMPARA DE PIE CON LUZ LED EN FORMA DE ALAS DE 260*240 CM;4;940.23;1410.3;1692.4;2030.9;1034.253;1551.4;1861.7;2234
SML-06;LAMPARA DE PIE CON LUZ LED DE TELA DORADA DE 90 CM;9;204.88;307.3;368.8;442.6;225.368;338.1;405.7;486.8
SML-07;LAMPARA DE PIE CON LUZ LED DE TELA DORADA DE 120 CM;9;219.62;329.4;395.3;474.4;241.582;362.4;434.9;521.9
RC202508;"SISTEMA DE SONIDO LINE ARRAY ACTIVO DOBLE 12""; MODELO DL50A; POTENCIA:  4000 W RMS / 8000 W PICO; SPL MÁXIMO: 143 dB; RESPUESTA DE FRECUENCIA: 40 Hz - 20 kHz; COBERTURA: 90° (H) x 10° (V); CONFIGURACION DE PARLANTES: 2 x 12"" LF (BAJAS FRECUENCIAS), 4 x 6"" MF (MEDIAS FRECUENCIAS), 2 x 1.4"" HF (ALTAS FREECUENCIAS); CROSSOVER: 200 Hz / 800 Hz; DIMENSIONES: 366 x 1171 x 502 MM                   ";16;5665.91;8498.9;10198.7;12238.4;6232.501;9348.8;11218.6;13462.3
DB202626;RIGGING CASE DL50A - FLIGHT CASE 2 EN 1, FABRICADO EN TABLERO DE MADERA CON BORDES EN ALEACION DE ALUMINIO Y HERRAJES METALICOS;8;566.59;849.9;1019.9;1223.9;623.249;934.9;1121.9;1346.3
RC202505;"SUBWOOFER ACTIVO DOBLE 18"", MODELO AS9006; ESPECIFICACIONES TÉCNICAS:                                                            • CONFIGURACIÓN: ACTIVO, DOBLE 18""                                                            • SPL MÁXIMO: 142 dB                                     • RANGO DE FRECUENCIA (-5 dB): 30 Hz - 120 Hz                                                                    • TRANSDUCTORES: 2 x 18"" LF (BAJAS FRECUENCIAS)                                                   • MÓDULO DE AMPLIFICACION: 7200 W CLASE D                                                                 • DIRECTIVIDAD: OMNIDIRECCIONAL (ARRAYABLE)                                                       • PESO: 82 kg (180 lb)                                       • DIMENSIONES (Al x An x Prof): 700 x 1100 x 790 MM";4;4079.45;6119.2;7343;8811.6;4487.395;6731.1;8077.3;9692.8
RC202606-1;FL-B FLY BAR (BARRA DE SUSPENSIÓN PARA SISTEMAS LINE ARRAY FLY 50A), FABRICADA EN ACERO DE ALTA RESISTENCIA CON ACABADO EN PINTURA NEGRA TIPO POWDER COATED. CAPACIDAD DE CARGA: HASTA 24 GABINETES DE 20K O HASTA 18 GABINETES DE 30K. DIMENSIONES (LARGO x ANCHO x ALTO): 1180 x 160 x 90 MM. PESO: APROXIMADAMENTE 38 KG (84 LB). ACCESORIOS INCLUIDOS: 2 GRILLETES, 1 CADENA DE SEGURIDAD Y JUEGO DE PINES PARA RIGGING RÁPIDO;2;1269.16;1903.7;2284.4;2741.3;1396.076;2094.1;2512.9;3015.5
RC202606-2;"DRIVER HF 1.4"", MODELO 50A, UNIDAD DE COMPRESIÓN PARA ALTAS FRECUENCIAS, COMPONENTE PARA SISTEMA LINE ARRAY 50A";4;407.95;611.9;734.3;881.2;448.745;673.1;807.7;969.2
RC202606-3;"PARLANTE MF 6"", MODELO 50A, ALTAVOZ DE 6 PULGADAS PARA FRECUENCIAS MEDIAS, COMPONENTE PARA SISTEMA LINE ARRAY 50A";4;407.95;611.9;734.3;881.2;448.745;673.1;807.7;969.2
RC202606-4;"PARLANTE LF 12"", MODELO 50A, ALTAVOZ DE 12 PULGADAS PARA BAJAS FRECUENCIAS, COMPONENTE PARA SISTEMA LINE ARRAY 50A";2;453.27;679.9;815.9;979.1;498.597;747.9;897.5;1077
RC202507;CONTROLADOR DE RED DE AUDIO DIGITAL, MODELO RDNET, CON MULTIPLES PUERTOS RJ45, PARA MONITOREO EN TIEMPO REAL Y CONFIGURACIÓN DEL SISTEMA DE AUDIO.                                                             2. CABLE DE DATOS BLINDADO CAT5e / CAT6 (ROJO), PARA TRANSMISIÓN DE DATOS DE ALTA VELOCIDAD, CON CONECTORES RJ45, LONGITUD ESTÁNDAR 1.5 - 2 M.                                                          3. ROUTER INALÁMBRICO TP-LINK, PARA CONEXIÓN DE RED LAN/WAN, CON SOPORTE DHCP, PARA COMUNICACIÓN ENTRE CONTROLADOR RDNET Y PC.           4. CABLE DE RED ETHERNET CAT5e / CAT6 (GRIS), CON CONECTORES RJ45, PARA CONEXIÓN DE RED, LONGITUD ESTÁNDAR 1.5 - 2 M.;1;1044.92;1567.4;1880.9;2257.1;1149.412;1724.1;2068.9;2482.7
RC202606-5;MÓDULO DE AMPLIFICACIÓN ACTIVO, MODELO 50A, UNIDAD ELECTRÓNICA DE POTENCIA PARA SISTEMA LINE ARRAY 50A;2;1405.15;2107.7;2529.2;3035;1545.665;2318.5;2782.2;3338.6
FUG-01;PLATO DE PORCELANA DE 16.5 CM; 405 ;4.69;7.00;8.40;10.10;5.16;7.70;9.20;11.00
FUG-02;PLATO DE PORCELANA DE 21.5 CM; 560 ;6.69;10.00;12.00;14.40;7.36;11.00;13.20;15.80
FUG-03;PLATO DE PORCELANA DE 26.5 CM; 600 ;9.38;14.10;16.90;20.30;10.32;15.50;18.60;22.30
FUG-04;PLATO DE PORCELANA DE 33.02 CM; 500 ;16.75;25.10;30.10;36.10;18.43;27.60;33.10;39.70
FUG-05PD;PORTA BOCADITOS DE PORCELANA DE 3 NIVELES DE 16.5 CM, 20.5 CM, 26.5 CM, 30.5 CM DE 49 CM DE ALTO; 15 ;58.49;87.70;105.20;126.20;64.34;96.50;115.80;139.00
FUG-06PD;PORTA BOCADITOS DE PORCELANA DE 3 NIVELES DE 16.5 CM, 20.5 CM, 26.5 CM, 30.5 CM DE 49 CM DE ALTO; 5 ;68.96;103.40;124.10;148.90;75.86;113.80;136.60;163.90
FUG-07;PLATO DE PORCELANA DE 16.51 CM; 105 ;6.14;9.20;11.00;13.20;6.75;10.10;12.10;14.50
FUG-08;PLATO DE PORCELANA DE 26.6 CM; 100 ;17.39;26.10;31.30;37.60;19.13;28.70;34.40;41.30
FUG-09;PLATO DE PORCELANA DE 33 CM; 100 ;26.99;40.50;48.60;58.30;29.69;44.50;53.40;64.10
FUG-10;PLATO DE PORCELANA DE 33 CM; 200 ;26.99;40.50;48.60;58.30;29.69;44.50;53.40;64.10
FUG-11;PLATO DE PORCELANA DE 30.48 CM; 100 ;18.71;28.10;33.70;40.40;20.58;30.90;37.10;44.50
FOT-PLANCHA;ESPONJA DE ESPUMA 1*1 MTS * 10 CM; 18 ;38.83;58.20;69.80;83.80;42.71;64.10;76.90;92.30
DD-01N;PASTO ARTIFICIAL DE 2 MTS*25 MTS; 14 ;1,137.92;1,706.90;2,048.30;2,458.00;1,251.71;1,877.60;2,253.10;2,703.70
RYG9-210;FLOR ARTIFICIAL ROSA EN RAMO X 9 CABEZAS 40 CM; 6,000 ;9.04;13.60;16.30;19.60;9.94;14.90;17.90;21.50
RYG10-RCH;FLOR ARTIFICIAL EN RAMO X 10 CABEZAS 32 CM; 3,600 ;7.90;11.90;14.30;17.20;8.69;13.00;15.60;18.70
RYG10-XM;FLOR ARTIFICIAL EN RAMO X 10 CABEZAS 32 CM; 1,800 ;6.02;9.00;10.80;13.00;6.62;9.90;11.90;14.30
RYG12-JY;FLOR ARTIFICIAL EN RAMO X 12 CABEZAS 33 CM; 1,800 ;6.16;9.20;11.00;13.20;6.78;10.20;12.20;14.60
RYG18-NU02;FLOR ARTIFICIAL EN RAMO X 18 CABEZAS 32 CM; 3,600 ;9.71;14.60;17.50;21.00;10.68;16.00;19.20;23.00
