CODIGO;DESCRIPCION;stock_total;costo_normal;precio_mayor_normal;precio_docena_normal;precio_unidad_normal;costo_distribuidor;precio_mayor_dist;precio_docena_dist;precio_unidad_dist
RYG9-BJ;FLOR ARTIFICIAL X 9 CABEZAS DE 44 CM;1050;8.64;11.9;13;16;9.5;14.3;17.2;20.6
RYG7-XS;FLOR ARTIFICIAL X 7 CABEZAS DE 44 CM;720;9.19;12.7;13.8;17;10.11;15.2;18.2;21.8
BAS-17;FLORERO DE PLASTICO DE 10.5*14.5 CM;200;3.94;5.4;6;8.5;4.33;6.5;7.8;9.4
JIL;PEDESTAL DE PLASTICO DE 35*92 CM;100;56.44;68.5;75;85;62.08;93.1;111.7;134
BAS-02;MACETERO DE PLASTICO DE 23*15.5*31.5 CM Y PATAS DE 3.8*10 CM;96;27.56;35.9;40;45;30.32;45.5;54.6;65.5
FOT-PLANCHA;ESPONJA DE ESPUMA 1*1 MTS * 10 CM;27;54.47;81.8;98.2;120;59.92;89.9;107.9;129.5
FOT-PALO;ESPONJA DE ESPUMA 6 CM * 2 MTS;500;7.87;17;18.5;20;8.66;13;15.6;18.7
6521;FLORERO DE PLASTICO DE 65*21 CM;138;19.03;27;29;34;20.93;31.4;37.7;45.2
7827;FLORERO DE PLASTICO DE 78*27 CM;138;20.34;29;31;37;22.37;33.6;40.3;48.4
1703;PEDESTAL DE PLASTICO DE 90 CM;80;23.62;32.5;35;42;25.98;39;46.8;56.2
1502;PEDESTAL DE PLASTICO DE 90 CM;80;23.62;32.5;35;42;25.98;39;46.8;56.2
1715;COPA DE PLASTICO DE 50*30*23 CM;240;14.44;20;22;26;15.88;23.8;28.6;34.3
LH-01-F;ARTICULO DE FIESTA TIPO FLOR DE 60 CM;12400;6.56;10.5;15;18;7.22;10.8;13;15.6
LH-01-C;ARTICULO DE FIESTA TIPO CORAZON DE 60 CM;3600;4.59;7.5;10;13;5.05;7.6;9.1;10.9
EU-V;HOJA ARTIFICIAL DE DINERO DE RAMA ALTA DE 90 CM;1800;2.84;3.8;5;6.5;3.12;4.7;5.6;6.7
TN-01;TENEDOR DE METAL DE 20 CM (SET/6PCS);300;7.22;25;30;36;7.94;11.9;14.3;17.2
CU-01;CUCHILLO DE METAL DE 23 CM (SET/6PCS);300;10.5;30;36;43.2;11.55;17.3;20.8;25
TN-02;FLOR ARTIFICIAL EN VARA X 3 DE 85 CM;1584;3.09;4.5;5.4;6.5;3.4;5.1;6.1;7.3
TN-03;FLOR ARTIFICIAL EN VARA X 3 ROSA DE 35 CM;3960;4.71;5.9;7.1;8.5;5.18;7.8;9.4;11.3
TN-04;ESPIGA ARTIFICIAL DE 80 CM;1200;3.09;4;4.8;5.8;3.4;5.1;6.1;7.3
TN-05;FLOR ARTIFICIAL EN VARA DE 80 CM;2400;2.04;3.1;3.7;4.4;2.24;3.4;4.1;4.9
V-GRS5-01;FLOR ARTIFICIAL GIRASOL EN VARA X 5 CABEZAS DE 1.05 MTS;576;5.78;6.9;8.3;10;6.36;9.5;11.4;13.7
GRS7-02;FLOR ARTIFICIAL EN RAMO X 7 CABEZAS DE 50 CM;816;6.58;8.3;10;12;7.24;10.9;13.1;15.7
GUIA-GIRASOL;GUIA ARTIFICIAL GIRASOL DE 1.50 MTS;720;5.6;8.3;10;12;6.16;9.2;11;13.2
RMH9-01;FLOR ARTIFICIAL DE AVISPA EN RAMO X 9 CABEZAS DE 50 CM;1200;8.76;12.5;15;18;9.64;14.5;17.4;20.9
RUY-13;FLOR ARTIFICIAL ROSA GUADALUPE EN VARA DE 50 CM;5760;1.38;2.1;2.5;3;1.52;2.3;2.8;3.4
RUY-15;FLOR ARTIFICIAL ROSA EN VARA X 5 CABEZAS DE 108 CM;960;5.68;8.5;10.2;12.2;6.25;9.4;11.3;13.6
RUY-CH;FLOR ARTIFICIAL EN VARA X 7 CABEZAS DE 40 CM;450;4.88;6.9;8.3;10;5.37;8.1;9.7;11.6
XHD-01;FLOR ARTIFICIAL COLGANTE DE 90 CM;480;12.01;17.3;20.8;25;13.21;19.8;23.8;28.6
FAR-02;FLOR ARTIFICIAL TIPO SAYURI X 9 CABEZAS DE 57 CM;1440;6.66;10;12;14.4;7.33;11;13.2;15.8
FAR-6;FLOR ARTIFICIAL TIPO PHALAENOPSIS GRANDE X 8 CABEZAS DE 100 CM;360;4.95;7.4;8.9;10.7;5.45;8.2;9.8;11.8
YQ12-H17;FLOR ARTIFICIAL ROSA ALEGRE EN RAMO X 12 CABEZAS DE 43 CM;900;6.49;9.7;11.6;13.9;7.14;10.7;12.8;15.4
YQ10-AN;FLOR ARTIFICIAL EN RAMO X 10 CABEZAS DE 42 CM;900;4.87;7.3;8.8;10.6;5.36;8;9.6;11.5
YQ10-MN;FLOR ARTIFICIAL EN RAMO X 10 CABEZAS CHICO DE 42 CM;1200;4.87;7.3;8.8;10.6;5.36;8;9.6;11.5
CA-NINO;CAMAROTE DE MADERA MEDIDAS 900*1050*1200/1320*1470*1620/2070*1900/1825 MM (BARANDILLA DELANTERA, MESITA DE NOCHE, PIE DE CAMA, REPOSABRAZOS, BARRAS  LATERALES, QUILLA DE CAMAROTE, TABLERO PARA COLCHON);5;891.92;1337.9;1605.5;1926.6;981.11;1471.7;1766;2119.2
MUM-01;COLCHON, 180*200*24 CM;10;689.85;1034.8;1241.8;1490.2;758.84;1138.3;1366;1639.2
MUM-02; CAMA DE MADERA MEDIDAS:189*219*116 CM  (CABEZERA,RESPALDAR,TABLERO PARA COLCHON);10;1201.14;1801.7;2162;2594.4;1321.25;1981.9;2378.3;2854
MUM-03; MESITA DE NOCHE DE MADERA 50*40*46 CM;25;125.83;188.7;226.4;271.7;138.41;207.6;249.1;298.9
MUM-N120;COLCHON, 120*190*7 CM;5;211.05;316.6;379.9;455.9;232.16;348.2;417.8;501.4
MUM-N90;COLCHON, 90*190*77 CM;5;170.43;255.6;306.7;368;187.47;281.2;337.4;404.9
RUY-CHR;FLOR ARTIFICIAL EN VARA DE 50 CM;11520;0.81;1.2;1.4;1.7;0.89;1.3;1.6;1.9
RUY-GDR;FLOR ARTIFICIAL EN VARA DE 50 CM;2880;1.14;1.7;2;2.4;1.25;1.9;2.3;2.8
RUY-MDP;FLOR ARTIFICIAL EN VARA DE 50 CM;8640;1.02;1.5;1.8;2.2;1.12;1.7;2;2.4
RYG11-2025;FLOR ARTIFICIAL MAGNOLIA EN RAMO X 11 CABEZAS DE 42 CM;480;10.39;13.5;16.2;19.4;11.43;17.1;20.5;24.6
RYG9-301N;FLOR ARTIFICIAL JASPE DE OTOÑO EN RAMO X 9 CABEZAS DE 40 CM;576;9.34;11.8;14.2;17;10.27;15.4;18.5;22.2
RYG11-703N;FLOR ARTIFICIAL QIUJU EN RAMO X 11 CABEZAS DE 42 CM;960;8.52;11.1;13.3;16;9.37;14.1;16.9;20.3
RYG11-226N;FLOR ARTIFICIAL ROSAS DE TE DE OTOÑO X 11 CABEZAS DE 42 CM;672;9.74;12.5;15;18;10.71;16.1;19.3;23.2
RYG12-307N;FLOR ARTIFICIAL CLAVELES EN RAMO X 12 CABEZAS DE 42 CM;360;9.58;12.5;15;18;10.54;15.8;19;22.8
RYG9-228N;FLOR ARTIFICIAL COPO DE NIEVE EN RAMO X 9 CABEZAS DE 40 CM;576;9.74;12;14.4;17.3;10.71;16.1;19.3;23.2
RYG11-703N;FLOR ARTIFICIAL QIUJU EN RAMO X 11 CABEZAS DE 42 CM;180;8.52;11.1;13.3;16;9.37;14.1;16.9;20.3
KJL-01N;FLOR ARTIFICIAL DE PLASTICO DE 38CM;600;2.31;3.5;4.2;5;2.54;3.8;4.6;5.5
KJL-02N;FLOR ARTIFICIAL DE PLASTICO DE 38 CM;600;1.91;2.9;3.5;4.2;2.1;3.2;3.8;4.6
KJL-03N;FLOR ARTIFICIAL DE PLASTICO DE 38 CM;600;2.23;3.3;4;4.8;2.45;3.7;4.4;5.3
KJL-04N;FLOR ARTIFICIAL DE PLASTICO DE 38 CM;600;2.55;3.8;4.6;5.5;2.81;4.2;5;6
KJL-05N;FLOR ARTIFICIAL DE PLASTICO DE 38 CM;600;1.91;2.9;3.5;4.2;2.1;3.2;3.8;4.6
KJL-06N;FLOR ARTIFICIAL DE PLASTICO DE 38 CM;600;1.93;2.9;3.5;4.2;2.12;3.2;3.8;4.6
KJL-07N;FLOR ARTIFICIAL DE PLASTICO DE 38 CM;600;2.47;3.7;4.4;5.3;2.72;4.1;4.9;5.9
KJL-08N;FLOR ARTIFICIAL DE PLASTICO DE 38 CM;600;1.91;2.9;3.5;4.2;2.1;3.2;3.8;4.6
KJL-09N;FLOR ARTIFICIAL DE PLASTICO DE 38 CM;600;2.87;4.3;5.2;6.2;3.16;4.7;5.6;6.7
KJL-10N;FLOR ARTIFICIAL DE PLASTICO DE 63 CM;300;4.79;7.2;8.6;10.3;5.27;7.9;9.5;11.4
HS-06N;FLOR ARTIFICIAL EN RAMO X 7 CABEZAS DE 45 CM;480;5.42;8.1;9.7;11.6;5.96;8.9;10.7;12.8
TNK20-01;FLOR ARTIFICIAL EN VARA X 18 CABEZAS DE 55 CM;2000;2.9;4.4;5.3;6.4;3.19;4.8;5.8;7
TNK5-02;FLOR ARTIFICIAL EN RAMO CHICO DE 27 CM;1800;2.55;3.8;4.6;5.5;2.81;4.2;5;6
TNK5-03;FLOR ARTIFICIAL EN RAMO CHICO DE 28 CM;1800;3.03;4.5;5.4;6.5;3.33;5;6;7.2
TNK5-04;FLOR ARTIFICIAL EN RAMO CHICO DE 27 CM;1800;2.87;4.3;5.2;6.2;3.16;4.7;5.6;6.7
TNK5-05;FLOR ARTIFICIAL EN RAMO CHICO DE 25 CM;1800;1.83;2.7;3.2;3.8;2.01;3;3.6;4.3
RYG5-A;FLOR ARTIFICIAL EN RAMO X 5 CABEZAS DE 38 CM;3300;2.71;4.1;4.9;5.9;2.98;4.5;5.4;6.5
RYG5-B;FLOR ARTIFICIAL EN RAMO X 5 CABEZAS DE 38 CM;3300;2.39;3.6;4.3;5.2;2.63;3.9;4.7;5.6
RYG5-C;FLOR ARTIFICIAL EN RAMO X 5 CABEZAS DE 38 CM;3300;2.39;3.6;4.3;5.2;2.63;3.9;4.7;5.6
RYG9-BJ;FLOR ARTIFICIAL EN RAMO X 9 CABEZAS DE 44 CM;1950;7.33;11;13.2;15.8;8.06;12.1;14.5;17.4
RYG10-RS;FLOR ARTIFICIAL EN RAMO X 10 CABEZAS DE 46 CM;2250;6.78;10.2;12.2;14.6;7.46;11.2;13.4;16.1
RYG10-XA;FLOR ARTIFICIAL EN RAMO X 10 CABEZAS DE 38 CM;900;6.78;10.2;12.2;14.6;7.46;11.2;13.4;16.1
RYG10-224;FLOR ARTIFICIAL ROSA DE GINEBRA EN RAMO X 10 CABEZAS DE 40 CM;300;9.97;15;18;21.6;10.97;16.5;19.8;23.8
RYG11-H09;FLOR ARTIFICIAL ROSA EN RAMO X 11 CABEZAS DE 45 CM;600;10.37;15.6;18.7;22.4;11.41;17.1;20.5;24.6
TN-01N;FLOR ARTIFICIAL EN VARA CARTUCHO DE 60 CM;720;3.19;4.8;5.8;7;3.51;5.3;6.4;7.7
YQ12-H17;FLOR ARTIFICIAL EN RAMO X 12 CABEZAS DE 42 CM;2700;6.38;9.6;11.5;13.8;7.02;10.5;12.6;15.1
YQ10-AN;FLOR ARTIFICIAL EN RAMO X 10 CABEZAS DE 42 CM;900;4.79;7.2;8.6;10.3;5.27;7.9;9.5;11.4
OY-CH;HOJA ARTIFICIAL DE 100 CM;1920;1.04;1.6;1.9;2.3;1.14;1.7;2;2.4
HSX-01;FLOR ARTIFICIAL EN GUIA DE 180 CM;288;15.95;23.9;28.7;34.4;17.55;26.3;31.6;37.9
HSX-02;FLOR ARTIFICIAL EN GUIA DE 160 CM;252;17.54;26.3;31.6;37.9;19.29;28.9;34.7;41.6
HSX-03;FLOR ARTIFICIAL EN GUIA DE 170 CM;432;7.97;12;14.4;17.3;8.77;13.2;15.8;19
RO5T-01;FLOR ARTIFICIAL EN RAMO HORTENSIAS DE JAPON X 5 CABEZAS 49 CM;840;5.18;7.8;9.4;11.3;5.7;8.5;10.2;12.2
PL-1716;ADORNO DE PLASTICO TIPO REJA DE 22*12*55.5CM;120;15.96;23.9;28.7;34.4;17.56;26.3;31.6;37.9
JQ-01N;PISTOLA DE SILICONA (220 V) DE 20 CM*16.5 CM;30;29.52;44.3;53.2;63.8;32.47;48.7;58.4;70.1
JQ-02N;BASE PARA PISTOLA DE SILICONA;120;9.15;13.7;16.4;19.7;10.07;15.1;18.1;21.7
JQ-03N;PISTOLA DE SILICONA (220 V) DE 19 CM*16 CM;180;15.96;23.9;28.7;34.4;17.56;26.3;31.6;37.9
DD-01N;PASTO ARTIFICIAL DE 2 MTS*25 MTS;14;1036.28;1554.4;1865.3;2238.4;1139.91;1709.9;2051.9;2462.3
DD-02N;PASTO ARTIFICIAL DE 2 MTS * 100 MTS;1;286.99;430.5;516.6;619.9;315.69;473.5;568.2;681.8
YDC;COCHE PARA CAMPO EN TUBO DE HIERRO CON TELA DE 86*50*95 CM;30;135.55;203.3;244;292.8;149.11;223.7;268.4;322.1
BW;CANASTA EN TELA Y ALUMINIO DE 30 L;30;12.78;19.2;23;27.6;14.06;21.1;25.3;30.4
HYG-01-1;LAMINA PAPEL BOPP DE 58*58 CM (PQT/20PCS);100;3.85;5.8;7;8.4;4.24;6.4;7.7;9.2
HYG-01-2;LAMINA PAPEL BOPP DE 58*58 CM (PQT/20PCS);100;4.97;7.5;9;10.8;5.47;8.2;9.8;11.8
HYG-01-3;LAMINA PAPEL BOPP DE 58*58 CM (PQT/20PCS);100;4.97;7.5;9;10.8;5.47;8.2;9.8;11.8
HYG-01-4;LAMINA PAPEL BOPP DE 58*58 CM (PQT/20PCS);100;4.58;6.9;8.3;10;5.04;7.6;9.1;10.9
HYG-01-5;LAMINA PAPEL BOPP DE 58*58 CM (PQT/20PCS);100;4.41;6.6;7.9;9.5;4.85;7.3;8.8;10.6
HYG-01-6;LAMINA PAPEL BOPP DE 58*58 CM (PQT/20PCS);100;6.03;9;10.8;13;6.63;9.9;11.9;14.3
HYG-01-7;LAMINA PAPEL BOPP DE 58*58 CM (PQT/20PCS);100;4.8;7.2;8.6;10.3;5.28;7.9;9.5;11.4
HYG-02-1;LAMINA DE PAPEL BOPP DE 50 CM*8 Y;30;4.41;6.6;7.9;9.5;4.85;7.3;8.8;10.6
HYG-02-2;LAMINA DE PAPEL BOPP DE 50 CM*8 Y;120;5.19;7.8;9.4;11.3;5.71;8.6;10.3;12.4
HYG-03;LAMINA DE PAPEL BOPP DE 50*70 CM (PQT/20PCS);100;5.19;7.8;9.4;11.3;5.71;8.6;10.3;12.4
HYG-04;LAMINA DE PAPEL BOPP DE 39*54 CM (PQT/15PCS);100;4.02;6;7.2;8.6;4.42;6.6;7.9;9.5
HYG-05;LAMINA DE PAPEL BOPP DE 60*60 CM (PQT/50PCS);50;9.6;14.4;17.3;20.8;10.56;15.8;19;22.8
HYG-06;LAMINA DE PAPEL BOPP DE 58*20 MTS;30;9.6;14.4;17.3;20.8;10.56;15.8;19;22.8
HYG-07;LAMINA DE PAPEL BOPP DE 58*58 CM (PQT/15PCS);80;7.59;11.4;13.7;16.4;8.35;12.5;15;18
HYG-08;LAMINA DE PAPEL BOPP DE 50*50 CM (PQT/40PCS);300;4.19;6.3;7.6;9.1;4.61;6.9;8.3;10
HYG-09;LAMINA DE PAPEL BOPP DE 50*55 CM (PQT/10PCS);150;6.42;9.6;11.5;13.8;7.06;10.6;12.7;15.2
HYG-10;LAMINA DE PAPEL BOPP DE 50*70 CM (PQT/20PCS);150;4.8;7.2;8.6;10.3;5.28;7.9;9.5;11.4
HYG-11;LAMINA DE PAPEL BOPP DE 60*60 CM (PQT/5PCS);50;6.03;9;10.8;13;6.63;9.9;11.9;14.3
HYG-12-1;LAMINA DE PAPEL BOPP DE 53*53 CM (PQT/10PCS);10;4.8;7.2;8.6;10.3;5.28;7.9;9.5;11.4
HYG-12-2;LAMINA DE PAPEL BOPP DE 53*53 CM (PQT/10PCS);90;4.41;6.6;7.9;9.5;4.85;7.3;8.8;10.6
HYG-13;LAMINA DE PAPEL BOPP DE 30*30 CM (PQT/50PCS);100;3.63;5.4;6.5;7.8;3.99;6;7.2;8.6
HYG-14;BOLSA PARA FLORES EN PAPEL KRAFT  DE 16.5*40 CM (PQT/30PCS);200;3.63;5.4;6.5;7.8;3.99;6;7.2;8.6
HYG-15;BOLSA PARA FLORES EN CELOFAN DE 15*48 CM (PQT/10PCS);300;3.24;4.9;5.9;7.1;3.56;5.3;6.4;7.7
HYG-16;BOLSA PARA FLORES EN CELOFAN DE 52.5*30 CM (PQT/20PCS);100;6.42;9.6;11.5;13.8;7.06;10.6;12.7;15.2
HYG-17;BOLSA PARA FLORES EN CELOFAN DE 60*15 CM (PQT/20PCS);250;4.02;6;7.2;8.6;4.42;6.6;7.9;9.5
HYG-18;BOLSA PARA FLORES EN CELOFAN DE 33*33 CM (PQT/10PCS);20;37.5;56.3;67.6;81.1;41.25;61.9;74.3;89.2
HYG-19;BOLSA PARA FLORES EN CELOFAN DE 47*34*19 CM (PQT/10PCS);20;26.34;39.5;47.4;56.9;28.97;43.5;52.2;62.6
HYG-20;ADORNO DE PLASTICO TIPO FLORERO  DE 12.7*24.3*10 CM;400;0.61;0.9;1.1;1.3;0.67;1;1.2;1.4
HYG-21;ADORNO DE PLASTICO TIPO PILETA DE 68.5*38.5*63 CM (SET/4PCS);64;24.72;37.1;44.5;53.4;27.19;40.8;49;58.8
HYG-22;FLORERO DE CARTON PLEGABLE TIPO CANASTA DE 22.5*18 CM;96;7.2;10.8;13;15.6;7.92;11.9;14.3;17.2
HYG-23;FLORERO DE CARTON PLEGABLE TIPO CANASTA DE 17*7.5*32.5 CM (PQT/10PCS);60;12.78;19.2;23;27.6;14.06;21.1;25.3;30.4
HYG-24;FLORERO DE CARTON PLEGABLE TIPO CANASTA DE 20*9*24 CM (PQT/10PCS);50;11.16;16.7;20;24;12.28;18.4;22.1;26.5
HYG-25;LAMINA DE PAPEL BOPP DE 50*56 CM (PQT/40PCS);200;4.8;7.2;8.6;10.3;5.28;7.9;9.5;11.4
HYG-26;ADORNO DE PAPEL  DE 50*37 CM (PQT/10PCS);100;3.85;5.8;7;8.4;4.24;6.4;7.7;9.2
HYG-27;ADORNO DE PAPEL TIPO MARIPOSA DE 50*56 CM (PQT/10PCS);100;4.41;6.6;7.9;9.5;4.85;7.3;8.8;10.6
HYG-28-1;CINTA DE POLYESTER DE 2.5 CM * 33 YARDAS;732;0.61;0.9;1.1;1.3;0.67;1;1.2;1.4
HYG-28-2;CINTA DE POLYESTER DE 2.5 CM * 33 YARDAS;120;4.41;6.6;7.9;9.5;4.85;7.3;8.8;10.6
HYG-28-3;CINTA DE POLYESTER DE 2.5 CM * 33 YARDAS;120;4.41;6.6;7.9;9.5;4.85;7.3;8.8;10.6
HYG-28-4;CINTA DE POLYESTER DE 2.5 CM * 33 YARDAS;90;2.12;3.2;3.8;4.6;2.33;3.5;4.2;5
HYG-28-5;CINTA DE POLYESTER DE 2.5 CM * 33 YARDAS;120;3.24;4.9;5.9;7.1;3.56;5.3;6.4;7.7
HYG-28-6;CINTA DE POLYESTER DE 2.5 CM * 33 YARDAS;120;2.4;3.6;4.3;5.2;2.64;4;4.8;5.8
HYG-29;ADORNO DE PLASTICO PARA FLORES TIPO MARIPOSA DE 28*32.5 CM (PQT/3PCS);100;4.19;6.3;7.6;9.1;4.61;6.9;8.3;10
HYG-30;ADORNO DE PLASTICO PARA FLORES TIPO CIRCULAR DE 21*25 CM (PQT/2PCS);320;4.19;6.3;7.6;9.1;4.61;6.9;8.3;10
HYG-31;ADORNO DE PLASTICO PARA FLORES TIPO CORAZON DE 33*31 CM (PQT/3PCS);500;4.19;6.3;7.6;9.1;4.61;6.9;8.3;10
HYG-32;"GLOBO METALICO DE 18"" (PQT/20PCS)";100;6.81;10.2;12.2;14.6;7.49;11.2;13.4;16.1
HYG-33;PORTA TARJETERO DE METAL DE 3.5*34 CM (PQT/10PCS);300;1.79;2.7;3.2;3.8;1.97;3;3.6;4.3
HYG-34;ROLLO DE ALAMBRE RECUBIERTO DE PAPEL DE 200 MTS;50;8.82;13.2;15.8;19;9.7;14.6;17.5;21
HYG-35;TARJETAS DE PAPEL DE 26*36 CM (PQT/4PCS);100;4.02;6;7.2;8.6;4.42;6.6;7.9;9.5
HYG-36;FOLLAJE DE FLOR PLASTICO DE 11.5*1.7 CM + 34*0.63 CM (PQT/100PCS);30;54.24;81.4;97.7;117.2;59.66;89.5;107.4;128.9
ZP;CARPA 40% POLIETILENO, 60% POLIESTER, 30%  14*30*3.70 MTS (INCLUYE SUS ACCESORIOS PARA ARMAR) ;2;44443.73;66665.6;79998.7;95998.4;48888.1;73332.2;87998.6;105598.3
ZP-06 ;CARPA PARA DEPOSITO 12*40 MTS 40% POLIETILENO, 60% POLIESTER (INCLUYE SUS ACCESORIOS PARA ARMAR) ;1;81797.2;122695.8;147235;176682;89976.92;134965.4;161958.5;194350.2
TY-01N;SOMBRILLA CON LUCES 7 MTS DE DIAMETRO;2;7427.17;11140.8;13369;16042.8;8169.89;12254.8;14705.8;17647
OY-01;HOJAS ARTIFICIALES 80 CM;1200;3.07;4.6;5.5;6.6;3.38;5.1;6.1;7.3
OY-CH;HOJAS ARTIFICIALES 1 MT;2880;0.85;1.3;1.6;1.9;0.94;1.4;1.7;2
OY-ILC;FLORES ARTIFICIALES EN VARA 60 CM;4800;1.31;2;2.4;2.9;1.44;2.2;2.6;3.1
OY-FL;FLORES ARTIFICIALES EN RAMO X 7 CABEZAS 42 CM;1968;2.16;3.2;3.8;4.6;2.38;3.6;4.3;5.2
WS-693S;JACUZZI 2150*2150*900 MM;1;17043.89;25565.8;30679;36814.8;18748.28;28122.4;33746.9;40496.3
WS-1233;CUARTO DE SAUNA 2200*2000*2100 MM;1;19534.64;29302;35162.4;42194.9;21488.1;32232.2;38678.6;46414.3
PTA-LED;PISO LED 50*50 CM;144;437.03;655.5;786.6;943.9;480.73;721.1;865.3;1038.4
SILLA-01;SILLA DE METAL 89*50*53 CM;100;95.08;142.6;171.1;205.3;104.59;156.9;188.3;226
MSA-01;MESA DE MADERA CIRCULAR ARMABLE D360*90CM*75 CM (4 PCS);4;917.74;1376.6;1651.9;1982.3;1009.51;1514.3;1817.2;2180.6
MSA-02;MESA DE MADERA RECTA 240*120 CM;6;1016.08;1524.1;1828.9;2194.7;1117.69;1676.5;2011.8;2414.2
SILLA-02;SILLA DE METAL Y PLASTICO 88*45*50 CM;52;59.01;88.5;106.2;127.4;64.91;97.4;116.9;140.3
MSA-03;MESA DE METAL Y PLASTICO 240*76 CM;5;157.35;236;283.2;339.8;173.09;259.6;311.5;373.8
D160;MESA CIRCULAR DE METAL DE 160 CM DE DIAMETRO;4;1171.53;1757.3;2108.8;2530.6;1288.68;1933;2319.6;2783.5
D120;MESA CIRCULAR DE METAL DE 120 CM DE DIAMETRO;8;1006.22;1509.3;1811.2;2173.4;1106.84;1660.3;1992.4;2390.9
D360;MESA CIRCULAR DE METAL DE 360 CM DE DIAMETRO * 90 CM;4;994.37;1491.6;1789.9;2147.9;1093.81;1640.7;1968.8;2362.6
SLA-01;SILLA DE METAL 89*50*53 CM;50;177.86;266.8;320.2;384.2;195.65;293.5;352.2;422.6
MSA-04;MESA DE METAL DE 240 CM DE DIAMETRO * 100 CM;4;1678.66;2518;3021.6;3625.9;1846.53;2769.8;3323.8;3988.6
SLA-02;SILLA DE METAL  90*50*53 CM;80;225.02;337.5;405;486;247.52;371.3;445.6;534.7
D180;MESA CIRCULAR DE METAL DE 180 CM DE DIAMETRO;10;1292.94;1939.4;2327.3;2792.8;1422.23;2133.4;2560.1;3072.1
EST-01;MODULO PARA PANTALLA LED (ESTRUCTURA DE ALUMINIO) DE 12 * 6 MTS;2;16643.96;24965.9;29959.1;35950.9;18308.36;27462.5;32955;39546
EST-02;ESTRUCTURA DE ALUMINO DE 2.90 * 4.00 MTS;1;11429.26;17143.9;20572.7;24687.2;12572.19;18858.3;22630;27156
CN-8130-RQ-GS260;OLLA AUTOMATICA GS260 DE 510*800*1350 MM;2;3800.25;5700.4;6840.5;8208.6;4180.28;6270.4;7524.5;9029.4
CN-8130-RQ-GS300;OLLA AUTOMATICA GS300 DE 550*800*1350 MM;2;4652.46;6978.7;8374.4;10049.3;5117.71;7676.6;9211.9;11054.3
PAN;PANTALLA LED EN GABINETE DE ALUMINIO FUNDIDO PARA EXTERIORES, INCLUYE ACCESORIOS  500*1000 MM  ;48;1145.93;1718.9;2062.7;2475.2;1260.52;1890.8;2269;2722.8
8618B;MAQUINA DE HELADOS DE 550*760*1360 MM ;1;3128.76;4693.1;5631.7;6758;3441.64;5162.5;6195;7434
135N;CILINDRO PARA UTILIZAR CON CARBON DE 135*80 CM;1;457.18;685.8;823;987.6;502.9;754.3;905.2;1086.2
140N;CILINDRO PARA UTILIZAR CON CARBON DE 140*100 CM;1;800.05;1200.1;1440.1;1728.1;880.06;1320.1;1584.1;1900.9
BJ-1216;PORTA MACETAS DE JARDIN P/12 MACETAS DE METAL 64*38*144 CM;40;89.31;134;160.8;193;98.24;147.4;176.9;212.3
1703;PEDESTAL DE PLASTICO DE 90 CM;368;20.65;31;37.2;44.6;22.72;34.1;40.9;49.1
1502;PEDESTAL DE PLASTICO DE 90 CM;200;20.65;31;37.2;44.6;22.72;34.1;40.9;49.1
1715;COPA DE PLASTICO INCLUYE PARTE DE COPA DE 50*30*23 CM;360;12.38;18.6;22.3;26.8;13.62;20.4;24.5;29.4
JLP-AG;FLORERO DE PLASTICO DE 84.5*21.8 CM;400;30.6;45.9;55.1;66.1;33.66;50.5;60.6;72.7
JLP-VL;ADORNO TIPO VELA DE PLASTICO DE 15*22* 29 CM SET/3 PCS;200;20.65;31;;0;22.72;34.1;40.9;49.1
2036;FLORERO TIPO CANASTA DE PLASTICO DE 26*12 CM;640;8.27;12.4;14.9;17.9;9.1;13.6;16.3;19.6
2035;FLORERO TIPO CANASTA DE PLASTICO DE 26*12 CM;640;8.27;;0;0;9.1;13.6;16.3;19.6
JLP-CA;ADORNO TIPO CANDELABRO DE PLASTICO DE 112*102*9 CM, 2*82*72 CM;80;41.31;62;74.4;89.3;45.44;68.2;81.8;98.2
2042-CH;FLORERO DE PLASTICO DE 22.3*14 CM;480;4.98;7.5;9;10.8;5.48;8.2;9.8;11.8
2049-M;FLORERO DE PLASTICO DE 29.3*15.6 CM;480;8.27;12.4;14.9;17.9;9.1;13.6;16.3;19.6
2048-G;FLORERO DE PLASTICO DE 37*18.8 CM;240;10.76;16.1;19.3;23.2;11.84;17.8;21.4;25.7
2056-G;FLORERO DE PLASTICO DE 29.5*10 CM;420;6.19;9.3;11.2;13.4;6.81;10.2;12.2;14.6
2057-M;FLORERO D PLASTICO DE 24.5*10 CM;560;4.57;6.9;8.3;10;5.03;7.5;9;10.8
2058-CH;FLORERO DE PLASTICO DE 19.5*10 CM;720;3.7;5.6;6.7;8;4.07;6.1;7.3;8.8
018-MA;MACETERO DE PLASTICO DE 37.5*23.5 CM;80;13.25;19.9;23.9;28.7;14.58;21.9;26.3;31.6
4004-HN;FLORERO DE PLASTICO DE 27*22.5 CM;300;1.1;1.7;2;2.4;1.21;1.8;2.2;2.6
2007A-HR;FLORERO DE PLASTICO DE 22*13.5 CM;900;0.64;1;1.2;1.4;0.7;1.1;1.3;1.6
PL-1716;ADORNO DE PLASTICO TIPO REJA DE 22*12*55.5 CM;8;16.55;24.8;29.8;35.8;18.21;27.3;32.8;39.4
E-H-VC;HOJAS ARTIFICIALES DE 15 CM VERDE CLARO SET/10 PCS;400;26.61;39.9;47.9;57.5;29.27;43.9;52.7;63.2
E-H-VO;HOJAS ARTIFICIALES DE 15 CM VERDE OSCURO SET/10 PCS;200;26.61;39.9;47.9;57.5;29.27;43.9;52.7;63.2
HY-03;HOJA ARTIFICIAL EN VARA DE PLASTICO DE 67 CM SET/12 PCS;2000;0.35;6.3;7.6;9.1;0.39;0.6;0.7;0.8
OY-CH;HOJAS ARTIFICIALES DE 1 MT;9600;1.08;1.6;1.9;2.3;1.19;1.8;2.2;2.6
FAR-J;FLOR ARTIFICIAL ORQUIDEA DE 100 CM;1500;3.55;5.3;6.4;7.7;3.91;5.9;7.1;8.5
RUY-CH;FLOR ARTIFICIAL EN VARA X 7 CABEZAS DE 40 CM;750;4.27;6.4;7.7;9.2;4.7;7;8.4;10.1
GRS7-02;FLOR ARTIFICIAL EN RAMO X 7 CABEZAS DE 50 CM;1428;5.76;8.6;10.3;12.4;6.34;9.5;11.4;13.7
TND-5000VA;ESTABILIZADOR, MARCA PLAL JUNLING, MODELO TND-5000VA, CON VOLTAJE DE 5000W;1;482.32;723.5;868.2;1041.8;530.55;795.8;955;1146
Q-40;BOLA DECORATIVA DE NAVIDAD DE 40 CM;51;67.38;101.1;121.3;145.6;74.12;111.2;133.4;160.1
Q-60;BOLA DECORATIVA DE NAVIDAD DE 60 CM;39;106.41;159.6;191.5;229.8;117.05;175.6;210.7;252.8
Q-80;BOLA DECORATIVA DE NAVIDAD DE 80 CM;24;156.06;234.1;280.9;337.1;171.67;257.5;309;370.8
Q-100;BOLA DECORATIVA DE NAVIDAD DE 100 CM;8;198.61;297.9;357.5;429;218.47;327.7;393.2;471.8
505-600W;BOMBA DE AIRE DE IMPULSO ELECTRICO;4;39.03;58.5;70.2;84.2;42.93;64.4;77.3;92.8
HTB;SOLDADO NOGAL TELESCOPICO ELECTRICO Y MUSICA LUMINOSA DE 160 CM (XM-2023067A);6;248.26;372.4;446.9;536.3;273.09;409.6;491.5;589.8
JIL;PEDESTAL DE PLASTICO DE 35*92 CM;180;42.55;63.8;76.6;91.9;46.81;70.2;84.2;101
JIL-78-G;MACETERO DE PLASTICO DE 42*33 CM;40;31.93;47.9;57.5;69;35.12;52.7;63.2;75.8
JIL-78-CH;MACETERO DE PLASTICO DE 34*26.5 CM ;40;16.34;24.5;29.4;35.3;17.97;27;32.4;38.9
FG-Q4;FLORERO DE PLASTICO DE 35*20.5*28 CM;80;27.66;41.5;49.8;59.8;30.43;45.6;54.7;65.6
YSJ;FLORERO DE PLASTICO DE 26*25 / 31*32 /37*38.5 CM (SET 3/PCS);40;83.71;125.6;150.7;180.8;92.08;138.1;165.7;198.8
FSY-1;FLORERO DE PLASTICO DE 41.5*24*58 CM;40;53.18;79.8;95.8;115;58.5;87.7;105.2;126.2
AB-240;ARBOL DE NAVIDAD DE 3 MTS (A/B);2;907.95;1361.9;1634.3;1961.2;998.75;1498.1;1797.7;2157.2
FA-2M;FAROL DE NAVIDAD DE 2 MTS;4;331.98;498;597.6;717.1;365.18;547.8;657.4;788.9
WLS-P48+8;"LUZ ESTROBOSCOPICA LED RGBW DE 48+8 CANALES PARA EVENTOS, CON DIMENSIONES DE 46*25*10 CM, CON UN VOLTAJE DE 36V Y UNA POTENCIA DE 200W (CONTIENE: LAMPARAS: 864 LED TRICOLOR SMD 5050 Y 96 LED BLANCOS; 1 CONTROL DMX512, AUTOMATICO CON CONTROL POR VOZ Y FUNCION RDM.


";8;163.16;244.7;293.6;352.3;179.48;269.2;323;387.6
YJ8392;RESOLUCION 1308-2024 JUGUETES BLOQUES DE CUBOS ARMABLES IMANTADOS  ;600;15.44;23.2;27.8;33.4;16.98;25.5;30.6;36.7
SW-HL10;LUZ LASER DE ANIMACION A TODO COLOR CON EFECTOS RGV DE 10W Y 30K CON BLUETOOTH. MARCA SAILWIN;2;2482.65;3724;4468.8;5362.6;2730.92;4096.4;4915.7;5898.8
SP-CSM2;MAQUINA DE CHISPAS FRIAS GIRATORIA DE DOBLE CABEZAL SP, CUENTA CON UNA POTENCIA DE SALIDA DE 1300W, CONTROL DMX512 Y CONTROL REMOTO INALAMBRICO. MARCA SPARK SPECIAL EFFECTS, MODELO SPARK: SP-CSM2;8;2340.79;3511.2;4213.4;5056.1;2574.87;3862.3;4634.8;5561.8
DJ-620;MAQUINA DE HUMO DE DOBLE ATOMIZADOR. MARCA DJPOWER, MODELO DJ-620;4;1347.73;2021.6;2425.9;2911.1;1482.5;2223.8;2668.6;3202.3
HW-IP4;MAQUINA DE BURBUJAS DE NIEBLA DE 4 CABEZALES A PRUEBA DE LLUVIA (CONTIENE: PANEL DE CONTROL DE LA MAQUINA, CONSOLA DE CONTROL DE LUZ, CONTROL REMOTO UNICO. MARCA DJPOWER, MODELO HW-IP4;1;9065.19;13597.8;16317.4;19580.9;9971.71;14957.6;17949.1;21538.9
BL-150;PELOTA INFLABLE DE 1.5 MTS;4;184.41;276.6;331.9;398.3;202.85;304.3;365.2;438.2
BL-120T;PELOTA INFLABLE DE 1.2 MTS;24;184.41;276.6;331.9;398.3;202.85;304.3;365.2;438.2
BL-150T;PELOTA INFLABLE DE 1.5 MTS;24;226.96;340.4;408.5;490.2;249.66;374.5;449.4;539.3
5738;RESOLUCION 3714-2025   JUEGO. DE MESA ROMPE HIELO  CON  BLOQUES HIELO, PINGUINOS, ROMPEHIELOS. DE PLASTICO 30*6.5*20.7CM;1200;5.91;8.9;10.7;12.8;6.5;9.8;11.8;14.2
70;"RESOLUCION 7103-2023 
CASA DIDACTICA CON BLOQUES PARA ENCAJAR DE MADERA, 27.2*20.2*19.3CM ";120;19.86;29.8;35.8;43;21.85;32.8;39.4;47.3
1036;RESOLUCION 7103-2023 SET DE BLOQUES CON FIGURAS GEOMETRICAS DE MADERA .  88*8*64CM;10;120.61;180.9;217.1;260.5;132.67;199;238.8;286.6
296;"RESOLUCION 7103-2023 
TABLERO COCODRILO CON BLOQUES PARA ENCAJAR DE MADERA. 31*11.5*13.5CM";180;12.07;18.1;21.7;26;13.28;19.9;23.9;28.7
295;"RESOLUCION 7103-2023 TABLERO ELEFANTE CON BLOQUES 
PARA ENCAJAR DE MADERA . 21*16.5*13.5CM
";180;12.07;18.1;21.7;26;13.28;19.9;23.9;28.7
1;"RESOLUCION 7103-2023 
TABLERO DE DAMAS DE MADERA. 23.5*4*20.7CM
";1040;9.93;14.9;17.9;21.5;10.92;16.4;19.7;23.6
649;"RESOLUCION 7103-2023 
TABLERO DE DAMAS DE MADERA .  19*5.5*19CM ";800;9.24;13.9;16.7;20;10.16;15.2;18.2;21.8
YY-62;RESOLUCION 7103-2023 JUEGO DE EQUILIBRIO LABERINTO CON BOLITA . 34.3*30.3*7.8CM;720;18.07;27.1;32.5;39;19.88;29.8;35.8;43
YL073;RESOLUCION 2440-2024  JGTE. DIDACTICOS ARBOL PISTA CON CARROS MULTIFUNCIONAL. 38*21*5.8CM;300;13.46;20.2;24.2;29;14.81;22.2;26.6;31.9
56;"RESOLUCION 7103-2023 
 SET DE BLOQUES DE COLORES PARA 
APILAR CON DADO DE MADERA. 26.5*8*8CM";300;6.75;10.1;12.1;14.5;7.43;11.1;13.3;16
0054-51;"RESOLUCION 7103-2023 SET DE BLOQUES PARA APILAR CON 
DADOS DE MADERA . 29*8*8CM";300;7.8;11.7;14;16.8;8.58;12.9;15.5;18.6
MWZ-3051;RESOLUCION 3704-2025  JUGUETE DIDACTICO DE MADERA ENCAJE TETRIZ KATAMINO.  33×19.8×5CM;1032;15.59;23.4;28.1;33.7;17.15;25.7;30.8;37
RYG10-224;FLOR ARTIFICIAL ROSA DE GINEBRA EN RAMO X 10 CABEZAS 40 CM;2160;8.89;13.3;16;19.2;9.78;14.7;17.6;21.1
RYG9-210;FLOR ARTIFICIAL ROSA EN RAMO X 9 CABEZAS 40 CM;750;9.58;14.4;17.3;20.8;10.54;15.8;19;22.8
